num,area,title,reference
"1",贵阳,贵阳公务员招考,"http://www.baidu.com"
"2",贵阳,贵阳公务员招考,"http://www.baidu.com"
"3",贵阳,贵阳公务员招考,"http://www.baidu.com"
"4",贵阳,贵阳公务员招考,"http://www.baidu.com"
"5",贵阳,贵阳公务员招考,"http://www.baidu.com"
"6",贵阳,贵阳公务员招考,"http://www.baidu.com"
"7",贵阳,贵阳公务员招考,"http://www.baidu.com"
"8",贵阳,贵阳公务员招考,"http://www.baidu.com"
"9",贵阳,贵阳公务员招考,"http://www.baidu.com"
"10",贵阳,贵阳公务员招考,"http://www.baidu.com"
"11",贵阳,贵阳公务员招考,"http://www.baidu.com"
"12",贵阳,贵阳公务员招考,"http://www.baidu.com"
"13",贵阳,贵阳公务员招考,"http://www.baidu.com"
"14",贵阳,贵阳公务员招考,"http://www.baidu.com"
"15",贵阳,贵阳公务员招考,"http://www.baidu.com"
"16",贵阳,贵阳公务员招考,"http://www.baidu.com"
"17",贵阳,贵阳公务员招考,"http://www.baidu.com"
"18",贵阳,贵阳公务员招考,"http://www.baidu.com"
"19",贵阳,贵阳公务员招考,"http://www.baidu.com"